{"cameraMode":{"drawMode":0,"name":"Shaded","section":"Shading Mode"},"sceneLighting":false,"audioPlay":false,"sceneViewState":{"showFog":true,"showMaterialUpdate":false,"showSkybox":false,"showFlares":true,"showImageEffects":true,"showParticleSystems":true},"in2DMode":false,"pivot":{"x":-0.12555676698684693,"y":0.262887179851532,"z":-0.05281507968902588},"rotation":{"x":-0.19378241896629334,"y":0.7524576187133789,"z":-0.2529606521129608,"w":-0.5764259099960327},"size":1.1171245574951172,"orthographic":false}