{"cameraMode":{"drawMode":0,"name":"Shaded","section":"Shading Mode"},"sceneLighting":true,"audioPlay":false,"sceneViewState":{"showFog":true,"showMaterialUpdate":false,"showSkybox":true,"showFlares":true,"showImageEffects":true,"showParticleSystems":true},"in2DMode":false,"pivot":{"x":-0.5476187467575073,"y":0.13241636753082276,"z":-0.4049369990825653},"rotation":{"x":-0.14742830395698548,"y":0.8390901684761047,"z":-0.27928581833839419,"w":-0.44293585419654848},"size":1.91937255859375,"orthographic":false}